sku;image_url
611820000000;https://d26lpennugtm8s.cloudfront.net/stores/001/182/684/products/118201021171-1a9f5a247bbe670fb716902225951149-1024-1024.jpg
998198000000;https://d26lpennugtm8s.cloudfront.net/stores/001/182/684/products/luminodek-dia-311-3d037e747e006f628c16899483487795-1024-1024.jpg
998198000000;https://d26lpennugtm8s.cloudfront.net/stores/001/182/684/products/luminodek-dia-321-70678f56859ee19a1016899483488881-1024-1024.jpg
998198000000;https://d26lpennugtm8s.cloudfront.net/stores/001/182/684/products/luminodek-fondo-blanco-181-d61e0be5ea105547c416899483486079-1024-1024.jpg
998198000000;https://d26lpennugtm8s.cloudfront.net/stores/001/182/684/products/luminodek-noche-251-cce633993ed3744def16899483488617-1024-1024.jpg
6000010000000;https://d26lpennugtm8s.cloudfront.net/stores/001/182/684/products/dinosdivert_tapa_150dpi-11-6e1b3599003d36c13516813929923019-1024-1024.jpg
6978180000000;https://d26lpennugtm8s.cloudfront.net/stores/001/182/684/products/photo-2022-02-26-07-22-401-3e21ea2b4e3567a8ba16813927191174-1024-1024.jpg
6978180000000;https://d26lpennugtm8s.cloudfront.net/stores/001/182/684/products/photo-2022-02-26-07-21-061-4849402d9ba35ba43616813927156952-1024-1024.jpg
6978180000000;https://d26lpennugtm8s.cloudfront.net/stores/001/182/684/products/photo-2022-02-26-07-21-291-d66466b74340b1a1f916813927159061-1024-1024.jpg
6978180000000;https://d26lpennugtm8s.cloudfront.net/stores/001/182/684/products/photo-2022-02-26-07-21-531-2a5f63815e8d691f3f16813927179799-1024-1024.jpg
6978180000000;https://d26lpennugtm8s.cloudfront.net/stores/001/182/684/products/photo-2022-02-26-07-20-461-5d65faabcde410663e16813927135838-1024-1024.jpg
6978180000000;https://d26lpennugtm8s.cloudfront.net/stores/001/182/684/products/photo-2022-02-26-07-22-211-1b9c56e63a1b3bb48316813927172514-1024-1024.jpg
6978990000000;https://d26lpennugtm8s.cloudfront.net/stores/001/182/684/products/img-14671-57e22f9446feba646016813927346425-1024-1024.jpg
6978990000000;https://d26lpennugtm8s.cloudfront.net/stores/001/182/684/products/img-14691-50976c645463e33d5116813927333647-1024-1024.jpg
6978990000000;https://d26lpennugtm8s.cloudfront.net/stores/001/182/684/products/12351554-744e-419c-a0d4-09e647e532781-f2d29654447c9cf4ae16813921864143-1024-1024.jpg
6978990000000;https://d26lpennugtm8s.cloudfront.net/stores/001/182/684/products/2739d7f2-db1b-4b0c-8be2-3fc638a3ac881-89706606aa4b41c25616813921810713-1024-1024.jpg
6978990000000;https://d26lpennugtm8s.cloudfront.net/stores/001/182/684/products/5e396edf-f1bf-4c1b-beb7-b5f0aa2b019a1-0704847a43b448a9c216813921696264-1024-1024.jpg
6978990000000;https://d26lpennugtm8s.cloudfront.net/stores/001/182/684/products/b09f6551-5b0f-461c-94b2-a48a8f9f8d621-35e26dcc7a865968f616813921815703-1024-1024.jpg
6978990000000;https://d26lpennugtm8s.cloudfront.net/stores/001/182/684/products/img_82641-9f400f776eb070072916813932836533-1024-1024.jpg
6978990000000;https://d26lpennugtm8s.cloudfront.net/stores/001/182/684/products/img_82651-a0516730934deb8c4c16813932836601-1024-1024.jpg
6978990000000;https://d26lpennugtm8s.cloudfront.net/stores/001/182/684/products/img_82661-a5b65ac088b1562a1216813932861913-1024-1024.jpg
6978990000000;https://d26lpennugtm8s.cloudfront.net/stores/001/182/684/products/img_82671-b8086384945b5a6d8216813932836499-1024-1024.jpg
6978990000000;https://d26lpennugtm8s.cloudfront.net/stores/001/182/684/products/photo-2021-10-27-09-23-05_11-af5182fa12a7651ed416813921726205-1024-1024.jpg
6978990000000;https://d26lpennugtm8s.cloudfront.net/stores/001/182/684/products/photo-2021-10-27-09-23-05_21-46ceba4b0e71b221d816813921703176-1024-1024.jpg
6978990000000;https://d26lpennugtm8s.cloudfront.net/stores/001/182/684/products/photo-2021-10-27-09-23-051-1b947c4603686ce74b16813929098378-1024-1024.jpg
6978990000000;https://d26lpennugtm8s.cloudfront.net/stores/001/182/684/products/photo-2022-05-05-12-58-21_11-add28ddf7bb9b84d4c16813921808112-1024-1024.jpg
6978990000000;https://d26lpennugtm8s.cloudfront.net/stores/001/182/684/products/photo-2022-05-05-12-58-211-5707eac27e213eb0de16813921809889-1024-1024.jpg
6978990000000;https://d26lpennugtm8s.cloudfront.net/stores/001/182/684/products/photo-2023-01-26-13-40-341-c0b9cd28e11019830a16813923653479-1024-1024.jpg
6978990000000;https://d26lpennugtm8s.cloudfront.net/stores/001/182/684/products/photo-2023-01-26-13-40-531-1116ab78265964d52f16813921874795-1024-1024.jpg
6978990000000;https://d26lpennugtm8s.cloudfront.net/stores/001/182/684/products/photo-2023-01-26-13-41-091-bc99f886a2336713f616813921870891-1024-1024.jpg
6978990000000;https://d26lpennugtm8s.cloudfront.net/stores/001/182/684/products/photo-2023-01-26-13-41-251-e5e2ab6a723a80c0ac16813921863180-1024-1024.jpg
6978990000000;https://d26lpennugtm8s.cloudfront.net/stores/001/182/684/products/photo-2023-01-26-13-41-431-6df23dab212e047d3c16813921864969-1024-1024.jpg
6978990000000;https://d26lpennugtm8s.cloudfront.net/stores/001/182/684/products/photo-2023-01-26-13-42-011-955889ee27092dea2d16813923643631-1024-1024.jpg
6978990000000;https://d26lpennugtm8s.cloudfront.net/stores/001/182/684/products/photo-2023-01-26-13-42-201-c1e8109e517659c27516813923675869-1024-1024.jpg
6978990000000;https://d26lpennugtm8s.cloudfront.net/stores/001/182/684/products/photo-2023-01-26-13-42-381-5a0093542c3ff5512116813923676131-1024-1024.jpg
6980000000000;https://d26lpennugtm8s.cloudfront.net/stores/001/182/684/products/0e74dd1d-88a2-45cd-af64-b0c23caeed381-d47294db6a32264fa416644597183041-1024-1024.jpg
6980000000000;https://d26lpennugtm8s.cloudfront.net/stores/001/182/684/products/1e1b2824-fd36-4a73-9530-82eef140257e1-d5b0f33c12f1bb6d0b16644596968539-1024-1024.jpg
6980000000000;https://d26lpennugtm8s.cloudfront.net/stores/001/182/684/products/264c9ece-bea3-40bf-8f70-d4a29c3aa73b1-f386a4708f88c7ef6616644596917083-1024-1024.jpg
6980000000000;https://d26lpennugtm8s.cloudfront.net/stores/001/182/684/products/54137eea-6ecf-4309-a36f-748143093b7c1-f2eedf3054c429a54716644593706137-1024-1024.jpg
6980000000000;https://d26lpennugtm8s.cloudfront.net/stores/001/182/684/products/66d465c4-a5e8-45f7-b69e-b5d1afef276c1-2d9dc410a9e9d2f13616644596968705-1024-1024.jpg
6980000000000;https://d26lpennugtm8s.cloudfront.net/stores/001/182/684/products/682a5bbc-dd3a-4cac-b6f4-f6e69bb8c4211-805ca4f043f42f1cf616644597754416-1024-1024.jpg
6980000000000;https://d26lpennugtm8s.cloudfront.net/stores/001/182/684/products/6a0ab696-4bc0-40cb-8601-88df75c253e31-c27f3797b77a69197016644597782602-1024-1024.jpg
6980000000000;https://d26lpennugtm8s.cloudfront.net/stores/001/182/684/products/8d927e22-91b8-4520-a6b5-40dc60ff0c1f1-0a4629be67cc4b79b716644596922975-1024-1024.jpg
6980000000000;https://d26lpennugtm8s.cloudfront.net/stores/001/182/684/products/904a6407-0928-44c7-bb35-4bff3420f2591-c25f462e6fb2b2aeec16644593784449-1024-1024.jpg
6980000000000;https://d26lpennugtm8s.cloudfront.net/stores/001/182/684/products/abedeced_tapa_150dpi1-7686e134cd6808b1dc16644594631047-1024-1024.jpg
6980000000000;https://d26lpennugtm8s.cloudfront.net/stores/001/182/684/products/ddee9502-dbd7-4270-b170-4834429be68d1-687a3a3d8f32b74e1716644596787814-1024-1024.jpg
6980000000000;https://d26lpennugtm8s.cloudfront.net/stores/001/182/684/products/dinos_tapa_150dpi1-898bdd1b287509b52816644596804315-1024-1024.jpg
6980000000000;https://d26lpennugtm8s.cloudfront.net/stores/001/182/684/products/f3b1a8eb-d0c5-4948-aec4-0667a4c4fac91-9ee94022ba026038cc16644596781532-1024-1024.jpg
6980000000000;https://d26lpennugtm8s.cloudfront.net/stores/001/182/684/products/f64bc799-d807-4332-bea4-fc332811bb1d1-5cf5927527c3ddc58f16644596978364-1024-1024.jpg
6980000000000;https://d26lpennugtm8s.cloudfront.net/stores/001/182/684/products/f79a8622-de82-481e-b128-62b9c90f2f3c1-0476396973194f94d616644596882849-1024-1024.jpg
6980000000000;https://d26lpennugtm8s.cloudfront.net/stores/001/182/684/products/granja_tapa_150dpi1-0bb6c069348767396016644596830336-1024-1024.jpg
6980000000000;https://d26lpennugtm8s.cloudfront.net/stores/001/182/684/products/hadas_tapa_150dpi1-12e46b6b050ff81d6816644596813752-1024-1024.jpg
6980000000000;https://d26lpennugtm8s.cloudfront.net/stores/001/182/684/products/photo-2022-09-09-08-09-20_11-58d2235509b2c9b98016644596852942-1024-1024.jpg
6980000000000;https://d26lpennugtm8s.cloudfront.net/stores/001/182/684/products/photo-2022-09-09-08-09-20_21-3f83f09c594d9adf0f16644596857558-1024-1024.jpg
6980000000000;https://d26lpennugtm8s.cloudfront.net/stores/001/182/684/products/photo-2022-09-09-08-09-20_31-e1c4b37bcc20ca36dd16644596787642-1024-1024.jpg
6980000000000;https://d26lpennugtm8s.cloudfront.net/stores/001/182/684/products/photo-2022-09-09-08-09-201-61389415e31adacc9016644596880443-1024-1024.jpg
6980000000000;https://d26lpennugtm8s.cloudfront.net/stores/001/182/684/products/transportes_tapa_150dpi1-7e223d97ba41a51a5e16644596845522-1024-1024.jpg
6980000000000;https://d26lpennugtm8s.cloudfront.net/stores/001/182/684/products/unicornio_tapa_150dpi1-e60d11f8c659ab9ce216644596849986-1024-1024.jpg
7798200000000;https://d26lpennugtm8s.cloudfront.net/stores/001/182/684/products/luminodek-dia-471-a591450eae638ac6e416899483513500-1024-1024.jpg
7798200000000;https://d26lpennugtm8s.cloudfront.net/stores/001/182/684/products/luminodek-dia-481-ab1c568078123ba7c416899483506378-1024-1024.jpg
7798200000000;https://d26lpennugtm8s.cloudfront.net/stores/001/182/684/products/luminodek-fondo-blanco-21-50140e56a0cf8640d616899483500564-1024-1024.jpg
7798200000000;https://d26lpennugtm8s.cloudfront.net/stores/001/182/684/products/luminodek-noche-91-9c8f23d24a78d6cbc916899483512007-1024-1024.jpg
7798200000000;https://d26lpennugtm8s.cloudfront.net/stores/001/182/684/products/luminodek-141-8fb629881d2bdcb67a16899483525694-1024-1024.jpg
7798200000000;https://d26lpennugtm8s.cloudfront.net/stores/001/182/684/products/luminodek-22-4af3767e66b22c440b16899483512789-1024-1024.jpg
7798200000000;https://d26lpennugtm8s.cloudfront.net/stores/001/182/684/products/luminodek-41-798d10cb37d0cb446116899483507188-1024-1024.jpg
9779820000000;https://d26lpennugtm8s.cloudfront.net/stores/001/182/684/products/luminodek-dia-31-f2c3b5e4bb86437de616899480359362-1024-1024.jpg
9779820000000;https://d26lpennugtm8s.cloudfront.net/stores/001/182/684/products/luminodek-dia-41-fca8ca6237853d484416899480363468-1024-1024.jpg
9779820000000;https://d26lpennugtm8s.cloudfront.net/stores/001/182/684/products/luminodek-fondo-blanco-191-367c4d1d63cfc6437c16899480358263-1024-1024.jpg
9779820000000;https://d26lpennugtm8s.cloudfront.net/stores/001/182/684/products/luminodek-noche-131-9b3e833657e841b0ee16899480369166-1024-1024.jpg
9779820000000;https://d26lpennugtm8s.cloudfront.net/stores/001/182/684/products/luminodek-dia-51-b1b890490409d4e14416899480372191-1024-1024.jpg
9779820000000;https://d26lpennugtm8s.cloudfront.net/stores/001/182/684/products/luminodek-dia-61-19ced630c1cef9aaf816899480368770-1024-1024.jpg
9779820000000;https://d26lpennugtm8s.cloudfront.net/stores/001/182/684/products/luminodek-fondo-blanco-241-f641532175addce15216899480365071-1024-1024.jpg
9779820000000;https://d26lpennugtm8s.cloudfront.net/stores/001/182/684/products/luminodek-noche-111-3a1143a4e20642182916899480365847-1024-1024.jpg
9779820000000;https://d26lpennugtm8s.cloudfront.net/stores/001/182/684/products/luminodek-211-7f6b3c18b50632540316899483525357-1024-1024.jpg
9779820000000;https://d26lpennugtm8s.cloudfront.net/stores/001/182/684/products/luminodek-511-a51c9ecdb79735ad7716899483509840-1024-1024.jpg
9779820000000;https://d26lpennugtm8s.cloudfront.net/stores/001/182/684/products/luminodek-71-979bcb26036562f6ac16899483510535-1024-1024.jpg
9779820000000;https://d26lpennugtm8s.cloudfront.net/stores/001/182/684/products/luminodek-111-7efcd4970d7905b37216899480387203-1024-1024.jpg
9779820000000;https://d26lpennugtm8s.cloudfront.net/stores/001/182/684/products/luminodek-131-74942c785f5ec59fa616899480403285-1024-1024.jpg
9779820000000;https://d26lpennugtm8s.cloudfront.net/stores/001/182/684/products/luminodek-51-6f3cfbaa0fc896b0e516899480385957-1024-1024.jpg
9798200000000;https://d26lpennugtm8s.cloudfront.net/stores/001/182/684/products/luminodek-311-ba3c772008b133699116899489001203-1024-1024.jpg
9798200000000;https://d26lpennugtm8s.cloudfront.net/stores/001/182/684/products/luminodek-711-41bb1511fd4090fbe816899488986525-1024-1024.jpg
9798200000000;https://d26lpennugtm8s.cloudfront.net/stores/001/182/684/products/luminodek-81-be61afbb986a80d05716899488985868-1024-1024.jpg
9798200000000;https://d26lpennugtm8s.cloudfront.net/stores/001/182/684/products/luminodek-151-a087719b6c3e4d492f16899486552616-1024-1024.jpg
9798200000000;https://d26lpennugtm8s.cloudfront.net/stores/001/182/684/products/luminodek-31-e5d8172b9cf4405de616899486535979-1024-1024.jpg
9798200000000;https://d26lpennugtm8s.cloudfront.net/stores/001/182/684/products/luminodek-91-be1c3daff73394c88e16899486546254-1024-1024.jpg
33025-305!NL5;https://d26lpennugtm8s.cloudfront.net/stores/001/182/684/products/33025-305-nl51-58e8e7b8336130abca16626427308092-1024-1024.png
606219!3;https://d26lpennugtm8s.cloudfront.net/stores/001/182/684/products/d_nq_np_664099-mla31038743397_062019-o1-b57b57e3dd5c7b72f216566067772773-1024-1024.jpg
606219!3;https://d26lpennugtm8s.cloudfront.net/stores/001/182/684/products/resma-boreal-a4-75-gr1-5b0ffb8ef180dbd86016214757049967-640-01-0b8a0e84fcd213bba716566067098931-1024-1024.jpg
6170!1;https://d26lpennugtm8s.cloudfront.net/stores/001/182/684/products/170-11-2884dcf9dfe088314116530670189665-1024-1024.jpg
6601!675;https://d26lpennugtm8s.cloudfront.net/stores/001/182/684/products/66016751-969e305a9cc2ee6ef816566948815347-1024-1024.png
806190!8;https://d26lpennugtm8s.cloudfront.net/stores/001/182/684/products/pampa-751-e05ebc9251101f357f16252553470376-1024-1024.jpg
806190!8;https://d26lpennugtm8s.cloudfront.net/stores/001/182/684/products/pampa-75-gr1-41c9f32683bd31071d16252552924895-1024-1024.jpg
81BC-6501!N;https://d26lpennugtm8s.cloudfront.net/stores/001/182/684/products/bc6501n-11-0118084460ef4131af16269746440117-1024-1024.jpg
81BC-6501!N;https://d26lpennugtm8s.cloudfront.net/stores/001/182/684/products/bc6501n1-d7fd10aee707a0d79716269746439627-1024-1024.jpg
81BC-7501!N;https://d26lpennugtm8s.cloudfront.net/stores/001/182/684/products/bc-7501n1-26da2f6e2b4b8ff64d16644715884531-1024-1024.jpg
81BL3642!3542;https://d26lpennugtm8s.cloudfront.net/stores/001/182/684/products/bl3642_35421-8a3eed2d07d3fb818816192703579165-1024-1024.jpg
81BL3931!3957;https://d26lpennugtm8s.cloudfront.net/stores/001/182/684/products/81bl3931-39571-8cc0d8fcc0e72d650416303480358046-1024-1024.jpg
81BL4132!3424;https://d26lpennugtm8s.cloudfront.net/stores/001/182/684/products/bl4132-34241-0629ecabc41c85b72f16286184806815-1024-1024.jpg
81BL4133!4319;https://d26lpennugtm8s.cloudfront.net/stores/001/182/684/products/bl4133-43191-9e8f190eda240e8c1d16286184849768-1024-1024.jpg
81BL6610!6611;https://d26lpennugtm8s.cloudfront.net/stores/001/182/684/products/81bl66111-554c0fb8b2de2ba6bd16534027266499-1024-1024.jpg
821261!6;https://d26lpennugtm8s.cloudfront.net/stores/001/182/684/products/d3f3c53e-2e34-48e3-a957-072d1cf6fbe91-07c5d25dfebebc5e7016436553538050-1024-1024.jpg
9093!24;https://d26lpennugtm8s.cloudfront.net/stores/001/182/684/products/1084261-223a3be6e395fa329116304387778349-1024-1024.jpg
9-1100!9122;https://d26lpennugtm8s.cloudfront.net/stores/001/182/684/products/oslo2-2630ae0b3af5362a7c16189277665071-1024-1024.jpg
9-1100!9125;https://d26lpennugtm8s.cloudfront.net/stores/001/182/684/products/oslo11-2630ae0b3af5362a7c16189277668410-1024-1024.jpg
916-0002!1606;https://d26lpennugtm8s.cloudfront.net/stores/001/182/684/products/16-0002_1606011-2e07c49aace00074e416152951694052-1024-1024.jpg
916-0002!1606;https://d26lpennugtm8s.cloudfront.net/stores/001/182/684/products/16-0002_1606021-2f07077a94006e50e616152951694745-1024-1024.jpg
916-0002!1606;https://d26lpennugtm8s.cloudfront.net/stores/001/182/684/products/16-0002_1606031-796d161e34c428914916152951695706-1024-1024.jpg
916-0002!1810;https://d26lpennugtm8s.cloudfront.net/stores/001/182/684/products/16-0002_1810011-be2d92ffd7a679866b16152951545391-1024-1024.jpg
916-0002!1810;https://d26lpennugtm8s.cloudfront.net/stores/001/182/684/products/16-0002_1810021-1cb73252ca9eced1a916152951545518-1024-1024.jpg
916-0005!0105;https://d26lpennugtm8s.cloudfront.net/stores/001/182/684/products/16-0005_0105011-dfe3fff5c698385b4e16152952034114-1024-1024.jpg
916-0005!0105;https://d26lpennugtm8s.cloudfront.net/stores/001/182/684/products/16-0005_0105021-b898cf7702d1c9d00016152952033880-1024-1024.jpg
916-0005!0105;https://d26lpennugtm8s.cloudfront.net/stores/001/182/684/products/16-0005_0105031-fc121ce596b7a5ee8916152952033959-1024-1024.jpg
916-0005!1807;https://d26lpennugtm8s.cloudfront.net/stores/001/182/684/products/16-0005_18071-3df88e16971c25fa0316152951218767-1024-1024.jpg
916-0005!1808;https://d26lpennugtm8s.cloudfront.net/stores/001/182/684/products/16-0005_1808011-5ce2f66fab4b02eb1616152951039768-1024-1024.jpg
916-0005!1808;https://d26lpennugtm8s.cloudfront.net/stores/001/182/684/products/16-0005_1808021-4dddb38c6d4b5651b516152951041715-1024-1024.jpg
916-0005!1808;https://d26lpennugtm8s.cloudfront.net/stores/001/182/684/products/16-0005_1808031-3854e665c4f56ef66b16152951046587-1024-1024.jpg
916-8311!0105;https://d26lpennugtm8s.cloudfront.net/stores/001/182/684/products/16-8311_01051-b87c77ef129469794416152952198784-1024-1024.jpg
916-8311!1808;https://d26lpennugtm8s.cloudfront.net/stores/001/182/684/products/16-8311_1808011-b4f57f3f0038e63b4a16152952185814-1024-1024.jpg
916-8311!1808;https://d26lpennugtm8s.cloudfront.net/stores/001/182/684/products/16-8311_1808021-7da449c29521a77a0b16152952186128-1024-1024.jpg
916-8311!1808;https://d26lpennugtm8s.cloudfront.net/stores/001/182/684/products/16-8311_1808031-8f5d9d6d673dcc109516152952187603-1024-1024.jpg
916-8311!1808;https://d26lpennugtm8s.cloudfront.net/stores/001/182/684/products/16-8311_18081-c2c85d3805551e679016152952185473-1024-1024.jpg
920051!022;https://d26lpennugtm8s.cloudfront.net/stores/001/182/684/products/20051_0221-b47aca02abd02a84ca16674954837758-1024-1024.jpg
920051!028;https://d26lpennugtm8s.cloudfront.net/stores/001/182/684/products/03-20051_028011-3504bc7b40f4cd617516170414733232-1024-1024.jpg
920051!028;https://d26lpennugtm8s.cloudfront.net/stores/001/182/684/products/03-20051_028021-cb92fb7d65b39ba58016170414731740-1024-1024.jpg
920051!028;https://d26lpennugtm8s.cloudfront.net/stores/001/182/684/products/03-20051_0281-966fa0fe72e239c50e16170414731094-1024-1024.jpg
920051!034;https://d26lpennugtm8s.cloudfront.net/stores/001/182/684/products/03-20051_034011-a171af3a605445382816497737176863-1024-1024.jpg
920051!034;https://d26lpennugtm8s.cloudfront.net/stores/001/182/684/products/03-20051_034021-1676b959851724d28116497737177107-1024-1024.jpg
920051!034;https://d26lpennugtm8s.cloudfront.net/stores/001/182/684/products/03-20051_0341-68778a430c9cb5b45816497737176494-1024-1024.jpg
920051!722;https://d26lpennugtm8s.cloudfront.net/stores/001/182/684/products/20051_7221-ac96aab17561d95cba16674954841107-1024-1024.jpg
920053!022;https://d26lpennugtm8s.cloudfront.net/stores/001/182/684/products/03-20053_022011-1a1426ff82a9a2507c16497737272196-1024-1024.jpg
920053!022;https://d26lpennugtm8s.cloudfront.net/stores/001/182/684/products/03-20053_0221-e813c1d74969de543916497737271456-1024-1024.jpg
920053!722;https://d26lpennugtm8s.cloudfront.net/stores/001/182/684/products/20053_7221-1fb73ca3fa99ee3d1116674954849467-1024-1024.jpg
920053!728;https://d26lpennugtm8s.cloudfront.net/stores/001/182/684/products/03-20053_728011-0c04c86f37d63d2d8a16384496529089-1024-1024.jpg
920053!728;https://d26lpennugtm8s.cloudfront.net/stores/001/182/684/products/03-20053_7281-db0fee2567fb0f62cd16384496530104-1024-1024.jpg
920056!024;https://d26lpennugtm8s.cloudfront.net/stores/001/182/684/products/03-20056_024011-77fb7e6ff2f325adbb16170414589560-1024-1024.jpg
920056!024;https://d26lpennugtm8s.cloudfront.net/stores/001/182/684/products/03-20056_024021-561fd532e561b0586c16170414591952-1024-1024.jpg
920056!024;https://d26lpennugtm8s.cloudfront.net/stores/001/182/684/products/03-20056_024031-609375b752f867460216170414594086-1024-1024.jpg
920056!024;https://d26lpennugtm8s.cloudfront.net/stores/001/182/684/products/03-20056_0241-468a76fb3caaacf6be16170414591288-1024-1024.jpg
920056!724;https://d26lpennugtm8s.cloudfront.net/stores/001/182/684/products/20056_724-11-4c7273aaecf8c8c02316293802981857-1024-1024.jpg
920056!724;https://d26lpennugtm8s.cloudfront.net/stores/001/182/684/products/20056_7241-9f0efecad189c6cfab16293802977409-1024-1024.jpg
920056!726;https://d26lpennugtm8s.cloudfront.net/stores/001/182/684/products/20056_726-11-0531d8c945add6dff716293802941816-1024-1024.jpg
920056!726;https://d26lpennugtm8s.cloudfront.net/stores/001/182/684/products/20056_7261-9f0efecad189c6cfab16293802942735-1024-1024.jpg
920057!024;https://d26lpennugtm8s.cloudfront.net/stores/001/182/684/products/03-20057_024011-9478e37ff63bf52ecd16170414438138-1024-1024.jpg
920057!024;https://d26lpennugtm8s.cloudfront.net/stores/001/182/684/products/03-20057_024021-4f18763b01eb3651fa16170414439549-1024-1024.jpg
920057!024;https://d26lpennugtm8s.cloudfront.net/stores/001/182/684/products/03-20057_0241-7e7f868884f915613516170414440631-1024-1024.jpg
920057!026;https://d26lpennugtm8s.cloudfront.net/stores/001/182/684/products/03-20057_026011-86e772bc72760740b216170414272276-1024-1024.jpg
920057!026;https://d26lpennugtm8s.cloudfront.net/stores/001/182/684/products/03-20057_026021-a9736ca6440f700eca16170414277175-1024-1024.jpg
920057!026;https://d26lpennugtm8s.cloudfront.net/stores/001/182/684/products/03-20057_0261-51ecaea063a943238e16170414273505-1024-1024.jpg
920058!035;https://d26lpennugtm8s.cloudfront.net/stores/001/182/684/products/03-20058_035011-727c7781e1aa3ccf0916170414898272-1024-1024.jpg
920058!035;https://d26lpennugtm8s.cloudfront.net/stores/001/182/684/products/03-20058_035021-2178bb49bc4dd1d92d16170414898947-1024-1024.jpg
920058!035;https://d26lpennugtm8s.cloudfront.net/stores/001/182/684/products/03-20058_0351-f49ba6adc23625ffa016170414899954-1024-1024.jpg
920065!022;https://d26lpennugtm8s.cloudfront.net/stores/001/182/684/products/03-20065_022011-08ecaa9b430f6cf35b16497739425843-1024-1024.jpg
920065!022;https://d26lpennugtm8s.cloudfront.net/stores/001/182/684/products/03-20065_0221-26e475672b68dea85216497739424090-1024-1024.jpg
920069!026;https://d26lpennugtm8s.cloudfront.net/stores/001/182/684/products/03-20069_026011-1126296b5b61ced8cc16497737385476-1024-1024.jpg
920069!026;https://d26lpennugtm8s.cloudfront.net/stores/001/182/684/products/03-20069_026021-e684282f5d91e899cc16497737385103-1024-1024.jpg
920069!026;https://d26lpennugtm8s.cloudfront.net/stores/001/182/684/products/03-20069_0261-2471fe7065088b96e016497737383729-1024-1024.jpg
920069!030;https://d26lpennugtm8s.cloudfront.net/stores/001/182/684/products/03-20069_030011-9501b565ab3f22da0216170415041581-1024-1024.jpg
920069!030;https://d26lpennugtm8s.cloudfront.net/stores/001/182/684/products/03-20069_030021-d266194dd6f6758cc316170415040480-1024-1024.jpg
920069!030;https://d26lpennugtm8s.cloudfront.net/stores/001/182/684/products/03-20069_0301-a515cfdf3a399d2fbd16170415040248-1024-1024.jpg
920076!730;https://d26lpennugtm8s.cloudfront.net/stores/001/182/684/products/20076_7301-1dd84aada2f873590516674954837063-1024-1024.jpg
920144!622;https://d26lpennugtm8s.cloudfront.net/stores/001/182/684/products/03-20144_622011-bc491dd0c8bb9e69c516233529581916-1024-1024.jpg
920144!622;https://d26lpennugtm8s.cloudfront.net/stores/001/182/684/products/03-20144_6221-2288a4c4538ae04c7b16233529582557-1024-1024.jpg
920145!724;https://d26lpennugtm8s.cloudfront.net/stores/001/182/684/products/03-20145_7241-adff516a9cfca0156816233529358796-1024-1024.jpg
920150!620;https://d26lpennugtm8s.cloudfront.net/stores/001/182/684/products/03-20150_620011-a791110cfcf8aaedf116170415504094-1024-1024.jpg
920150!620;https://d26lpennugtm8s.cloudfront.net/stores/001/182/684/products/03-20150_6201-ef5bdfed50d85f767916170415501928-1024-1024.jpg
920150!620;https://d26lpennugtm8s.cloudfront.net/stores/001/182/684/products/03-20540_6120261-b3154ee07c1b0b1dca16170417565805-1024-1024.jpg
920150!620;https://d26lpennugtm8s.cloudfront.net/stores/001/182/684/products/03-20540_6120361-5e2a116285ea91333116170417565187-1024-1024.jpg
920150!620;https://d26lpennugtm8s.cloudfront.net/stores/001/182/684/products/03-20540_6120461-8bb3dd818c30cd27af16170417566026-1024-1024.jpg
920150!622;https://d26lpennugtm8s.cloudfront.net/stores/001/182/684/products/03-20150_622011-7e9e41c77bb04e7be916170415657884-1024-1024.jpg
920150!622;https://d26lpennugtm8s.cloudfront.net/stores/001/182/684/products/03-20150_6221-8b6ff5a12670f86d7116170415657536-1024-1024.jpg
920150!622;https://d26lpennugtm8s.cloudfront.net/stores/001/182/684/products/03-20540_6120271-b3154ee07c1b0b1dca16170417622530-1024-1024.jpg
920150!622;https://d26lpennugtm8s.cloudfront.net/stores/001/182/684/products/03-20540_6120371-5e2a116285ea91333116170417622186-1024-1024.jpg
920150!622;https://d26lpennugtm8s.cloudfront.net/stores/001/182/684/products/03-20540_6120471-8bb3dd818c30cd27af16170417622927-1024-1024.jpg
920150!626;https://d26lpennugtm8s.cloudfront.net/stores/001/182/684/products/03-20150_626011-c2f7e75c944956a4a316497736997590-1024-1024.jpg
920150!626;https://d26lpennugtm8s.cloudfront.net/stores/001/182/684/products/03-20150_626021-9013b886e56083753a16497736997607-1024-1024.jpg
920150!626;https://d26lpennugtm8s.cloudfront.net/stores/001/182/684/products/03-20150_6261-0eb626f99423af662016497736999730-1024-1024.jpg
920150!628;https://d26lpennugtm8s.cloudfront.net/stores/001/182/684/products/03-20150_628011-0244467102c3a798a116170415742547-1024-1024.jpg
920150!628;https://d26lpennugtm8s.cloudfront.net/stores/001/182/684/products/03-20150_6281-df65b47bd919f81f7f16170415740120-1024-1024.jpg
920150!628;https://d26lpennugtm8s.cloudfront.net/stores/001/182/684/products/03-20540_6120281-b3154ee07c1b0b1dca16170417678773-1024-1024.jpg
920150!628;https://d26lpennugtm8s.cloudfront.net/stores/001/182/684/products/03-20540_6120381-5e2a116285ea91333116170417677451-1024-1024.jpg
920150!628;https://d26lpennugtm8s.cloudfront.net/stores/001/182/684/products/03-20540_6120481-8bb3dd818c30cd27af16170417679399-1024-1024.jpg
920150!726;https://d26lpennugtm8s.cloudfront.net/stores/001/182/684/products/03-20150_726011-313f658e74791290af16282745391742-1024-1024.jpg
920150!726;https://d26lpennugtm8s.cloudfront.net/stores/001/182/684/products/03-20150_726021-89959f295889b4b1de16282745391913-1024-1024.jpg
920150!726;https://d26lpennugtm8s.cloudfront.net/stores/001/182/684/products/03-20150_7261-63b0cffd5c75c6582516282745392366-1024-1024.jpg
920150!728;https://d26lpennugtm8s.cloudfront.net/stores/001/182/684/products/03-20150_728011-586c30d3c5ef07e6e416233533155665-1024-1024.jpg
920150!728;https://d26lpennugtm8s.cloudfront.net/stores/001/182/684/products/03-20150_7281-1daeb48f784be64d7316233533154437-1024-1024.jpg
920170!726;https://d26lpennugtm8s.cloudfront.net/stores/001/182/684/products/03-20170_726041-49cf0abe3a33cc5a9716497739527821-1024-1024.jpg
920170!726;https://d26lpennugtm8s.cloudfront.net/stores/001/182/684/products/03-20170_7261-8e9b7105ba980ffdd516497739525457-1024-1024.jpg
920170!728;https://d26lpennugtm8s.cloudfront.net/stores/001/182/684/products/03-20170_728041-c1acd5d84874ba54d816384496958977-1024-1024.jpg
920170!728;https://d26lpennugtm8s.cloudfront.net/stores/001/182/684/products/03-20170_7281-829a7e1527c0f688eb16384496957048-1024-1024.jpg
920252!032;https://d26lpennugtm8s.cloudfront.net/stores/001/182/684/products/03-20252_03202-21-8b7b0b1945fd4d87de16270495179604-1024-1024.jpg
920252!032;https://d26lpennugtm8s.cloudfront.net/stores/001/182/684/products/20252_03201-11-db209866ed5d6f040616270495171173-1024-1024.jpg
920252!032;https://d26lpennugtm8s.cloudfront.net/stores/001/182/684/products/20252_0321-536c049c8eb398c59216270495169947-1024-1024.jpg
920260!620;https://d26lpennugtm8s.cloudfront.net/stores/001/182/684/products/sarten1-afcb96cde5f0faa0e216312067707328-1024-1024.jpg
920260!622;https://d26lpennugtm8s.cloudfront.net/stores/001/182/684/products/sarten11-afcb96cde5f0faa0e216312067978716-1024-1024.jpg
920260!624;https://d26lpennugtm8s.cloudfront.net/stores/001/182/684/products/03-20260_6241-a5532370488935d1d616233530396726-1024-1024.jpg
920260!624;https://d26lpennugtm8s.cloudfront.net/stores/001/182/684/products/03-20260_6260111-26ee55062a16b9d4df16233530395486-1024-1024.jpg
920260!624;https://d26lpennugtm8s.cloudfront.net/stores/001/182/684/products/03-20260_6260211-691626a5339910217616233530396615-1024-1024.jpg
920260!624;https://d26lpennugtm8s.cloudfront.net/stores/001/182/684/products/03-20260_6260311-64b7aafa329af616da16233530398796-1024-1024.jpg
920260!626;https://d26lpennugtm8s.cloudfront.net/stores/001/182/684/products/03-20260_626012-26ee55062a16b9d4df16233530273041-1024-1024.jpg
920260!626;https://d26lpennugtm8s.cloudfront.net/stores/001/182/684/products/03-20260_626022-691626a5339910217616233530271424-1024-1024.jpg
920260!626;https://d26lpennugtm8s.cloudfront.net/stores/001/182/684/products/03-20260_626032-64b7aafa329af616da16233530273185-1024-1024.jpg
920260!626;https://d26lpennugtm8s.cloudfront.net/stores/001/182/684/products/03-20260_6261-cbb632bab3153f1b6816233530272880-1024-1024.jpg
920260!628;https://d26lpennugtm8s.cloudfront.net/stores/001/182/684/products/sarten21-afcb96cde5f0faa0e216312068269391-1024-1024.jpg
920261!620;https://d26lpennugtm8s.cloudfront.net/stores/001/182/684/products/03-20261_620011-b0b3d3cfcff355647316233529947686-1024-1024.jpg
920261!620;https://d26lpennugtm8s.cloudfront.net/stores/001/182/684/products/03-20261_6201-c3fc6312c2485290cf16233529948495-1024-1024.jpg
920264!622;https://d26lpennugtm8s.cloudfront.net/stores/001/182/684/products/panqueuqera1-ffbbb9dfbc543f7f4f16312068654090-1024-1024.jpg
920274!724;https://d26lpennugtm8s.cloudfront.net/stores/001/182/684/products/03-20274_7241-e7319b1e3ac6ad632a16233529738419-1024-1024.jpg
920332!164;https://d26lpennugtm8s.cloudfront.net/stores/001/182/684/products/03-20332_614011-1577cd289ddcb6a39b16233529468161-1024-1024.jpg
920332!164;https://d26lpennugtm8s.cloudfront.net/stores/001/182/684/products/03-20332_6141-68203a6d41900f705516233529469034-1024-1024.jpg
920380!024;https://d26lpennugtm8s.cloudfront.net/stores/001/182/684/products/03-20380_024011-857d710670b4c9102b16497734805820-1024-1024.jpg
920380!024;https://d26lpennugtm8s.cloudfront.net/stores/001/182/684/products/03-20380_024021-d8fb5778ad15af736b16497734806932-1024-1024.jpg
920380!024;https://d26lpennugtm8s.cloudfront.net/stores/001/182/684/products/03-20380_024031-65b16758b124b4980e16497734807863-1024-1024.jpg
920380!024;https://d26lpennugtm8s.cloudfront.net/stores/001/182/684/products/03-20380_0241-50f278f4cb3d9bf0ef16497734805177-1024-1024.jpg
920382!024;https://d26lpennugtm8s.cloudfront.net/stores/001/182/684/products/03-20382_024011-417d1781f4ef58a71016497736232882-1024-1024.jpg
920382!024;https://d26lpennugtm8s.cloudfront.net/stores/001/182/684/products/03-20382_024021-04b0b694d8ed475ecd16497736235720-1024-1024.jpg
920382!024;https://d26lpennugtm8s.cloudfront.net/stores/001/182/684/products/03-20382_0241-2734c20001cc6a7e9d16497736232801-1024-1024.jpg
920389!022;https://d26lpennugtm8s.cloudfront.net/stores/001/182/684/products/03-20389_022011-2b3d2eca55a57c920016203104627112-1024-1024.jpg
920389!022;https://d26lpennugtm8s.cloudfront.net/stores/001/182/684/products/03-20389_0221-7d6407d21badb5014716203104627230-1024-1024.jpg
920389!722;https://d26lpennugtm8s.cloudfront.net/stores/001/182/684/products/20389_72201-11-e8f3a115b254afb67b16270493598206-1024-1024.jpg
920389!722;https://d26lpennugtm8s.cloudfront.net/stores/001/182/684/products/20389_72202-21-06b404f2abae3470bd16270493599634-1024-1024.jpg
920389!722;https://d26lpennugtm8s.cloudfront.net/stores/001/182/684/products/20389_7221-c4cde9d3806e05ca9016270493599226-1024-1024.jpg
920390!022;https://d26lpennugtm8s.cloudfront.net/stores/001/182/684/products/03-20390_022011-fbbbfe82c28179941516203104609519-1024-1024.jpg
920390!022;https://d26lpennugtm8s.cloudfront.net/stores/001/182/684/products/03-20390_022021-369e7af895ace2215816203104616241-1024-1024.jpg
920390!022;https://d26lpennugtm8s.cloudfront.net/stores/001/182/684/products/03-20390_0221-75eb0b8e668ef5c88f16203104609662-1024-1024.jpg
920392!024;https://d26lpennugtm8s.cloudfront.net/stores/001/182/684/products/03-20392_024011-639fc60a28499c905f16233533552030-1024-1024.jpg
920392!024;https://d26lpennugtm8s.cloudfront.net/stores/001/182/684/products/03-20392_024031-fdd1e2518bf0f1768d16233533551539-1024-1024.jpg
920392!024;https://d26lpennugtm8s.cloudfront.net/stores/001/182/684/products/03-20392_024051-690789b383652c895016233533551964-1024-1024.jpg
920392!024;https://d26lpennugtm8s.cloudfront.net/stores/001/182/684/products/03-20392_0241-6ddf0d954b3d9cb37c16233533550215-1024-1024.jpg
920515!628;https://d26lpennugtm8s.cloudfront.net/stores/001/182/684/products/03-20515_628011-10d3b73b555dda132216170415949436-1024-1024.jpg
920515!628;https://d26lpennugtm8s.cloudfront.net/stores/001/182/684/products/03-20515_6281-e508f12875ced90c3b16170415949401-1024-1024.jpg
920515!628;https://d26lpennugtm8s.cloudfront.net/stores/001/182/684/products/03-20540_612021-b3154ee07c1b0b1dca16170415953272-1024-1024.jpg
920515!628;https://d26lpennugtm8s.cloudfront.net/stores/001/182/684/products/03-20540_612031-5e2a116285ea91333116170415957196-1024-1024.jpg
920515!628;https://d26lpennugtm8s.cloudfront.net/stores/001/182/684/products/03-20540_612041-8bb3dd818c30cd27af16170415962168-1024-1024.jpg
920520!620;https://d26lpennugtm8s.cloudfront.net/stores/001/182/684/products/03-20520_6201-2ed83d39cbb4758bcd16341478488415-1024-1024.jpg
920520!622;https://d26lpennugtm8s.cloudfront.net/stores/001/182/684/products/03-20520_622011-603ffbe3705ca5f11b16497736887266-1024-1024.jpg
920520!622;https://d26lpennugtm8s.cloudfront.net/stores/001/182/684/products/03-20520_622021-9c2e4a685805e1a7c716497736889513-1024-1024.jpg
920520!622;https://d26lpennugtm8s.cloudfront.net/stores/001/182/684/products/03-20520_622031-9013b886e56083753a16497736888478-1024-1024.jpg
920520!622;https://d26lpennugtm8s.cloudfront.net/stores/001/182/684/products/03-20520_6221-529da014cbc697b6e116497736886954-1024-1024.jpg
920520!624;https://d26lpennugtm8s.cloudfront.net/stores/001/182/684/products/03-20520_624011-7288e47f33ee057bbd16170416186829-1024-1024.jpg
920520!624;https://d26lpennugtm8s.cloudfront.net/stores/001/182/684/products/03-20520_624021-23f52772555a0bef6216170416189648-1024-1024.jpg
920520!624;https://d26lpennugtm8s.cloudfront.net/stores/001/182/684/products/03-20520_6241-17cd9086e4558e0ec216170416187844-1024-1024.jpg
920520!624;https://d26lpennugtm8s.cloudfront.net/stores/001/182/684/products/03-20540_6120211-b3154ee07c1b0b1dca16170416189042-1024-1024.jpg
920520!624;https://d26lpennugtm8s.cloudfront.net/stores/001/182/684/products/03-20540_6120311-5e2a116285ea91333116170416189671-1024-1024.jpg
920520!624;https://d26lpennugtm8s.cloudfront.net/stores/001/182/684/products/03-20540_6120411-8bb3dd818c30cd27af16170416189784-1024-1024.jpg
920520!626;https://d26lpennugtm8s.cloudfront.net/stores/001/182/684/products/03-20520_626011-2c2cd480b6afa0fc6f16170416416843-1024-1024.jpg
920520!626;https://d26lpennugtm8s.cloudfront.net/stores/001/182/684/products/03-20520_626021-dc132906ca9b19301816170416419030-1024-1024.jpg
920520!626;https://d26lpennugtm8s.cloudfront.net/stores/001/182/684/products/03-20520_6261-e4d4190c1edbbd5b2116170416416550-1024-1024.jpg
920520!626;https://d26lpennugtm8s.cloudfront.net/stores/001/182/684/products/03-20540_6120221-b3154ee07c1b0b1dca16170416419699-1024-1024.jpg
920520!626;https://d26lpennugtm8s.cloudfront.net/stores/001/182/684/products/03-20540_6120321-5e2a116285ea91333116170416418898-1024-1024.jpg
920520!626;https://d26lpennugtm8s.cloudfront.net/stores/001/182/684/products/03-20540_6120421-8bb3dd818c30cd27af16170416420755-1024-1024.jpg
920520!628;https://d26lpennugtm8s.cloudfront.net/stores/001/182/684/products/03-20520_628011-6c4987d61f19a26c6916203104645422-1024-1024.jpg
920520!628;https://d26lpennugtm8s.cloudfront.net/stores/001/182/684/products/03-20520_628021-404aaf912a02aa26eb16203104648564-1024-1024.jpg
920520!628;https://d26lpennugtm8s.cloudfront.net/stores/001/182/684/products/03-20520_6281-c503f425f5ae8fa51316203104646594-1024-1024.jpg
920520!718;https://d26lpennugtm8s.cloudfront.net/stores/001/182/684/products/03-20520_718011-cafae2bc799352c1cd16384496538827-1024-1024.jpg
920520!718;https://d26lpennugtm8s.cloudfront.net/stores/001/182/684/products/03-20520_7181-051859433fc23aae4c16384496540019-1024-1024.jpg
920520!720;https://d26lpennugtm8s.cloudfront.net/stores/001/182/684/products/03-20520_720011-dced62aaadf122120516216073436000-1024-1024.jpg
920520!720;https://d26lpennugtm8s.cloudfront.net/stores/001/182/684/products/03-20520_7201-59e5b3320bc814734216216073435962-1024-1024.jpg
920520!722;https://d26lpennugtm8s.cloudfront.net/stores/001/182/684/products/03-20520_722011-43a2117418aba95e6d16233532906684-1024-1024.jpg
920520!722;https://d26lpennugtm8s.cloudfront.net/stores/001/182/684/products/03-20520_7221-830034f24ff752b9dd16233532907061-1024-1024.jpg
920520!724;https://d26lpennugtm8s.cloudfront.net/stores/001/182/684/products/03-20520_724011-b66739d1749478012616384502271281-1024-1024.jpg
920520!724;https://d26lpennugtm8s.cloudfront.net/stores/001/182/684/products/03-20520_7241-3bb98e3a945be270ea16384502272235-1024-1024.jpg
920525!618;https://d26lpennugtm8s.cloudfront.net/stores/001/182/684/products/03-20525_61801-11-9c7f28bbb9aa60fe2016203104947976-1024-1024.jpg
920525!618;https://d26lpennugtm8s.cloudfront.net/stores/001/182/684/products/03-20525_618011-9c7f28bbb9aa60fe2016170416688418-1024-1024.jpg
920525!618;https://d26lpennugtm8s.cloudfront.net/stores/001/182/684/products/03-20525_6181-46dbc7e767320359b216170416689140-1024-1024.jpg
920525!618;https://d26lpennugtm8s.cloudfront.net/stores/001/182/684/products/03-20525_6181-46dbc7e767320359b216203104948213-1024-1024.jpg
920525!618;https://d26lpennugtm8s.cloudfront.net/stores/001/182/684/products/03-20540_6120231-b3154ee07c1b0b1dca16170416691017-1024-1024.jpg
920525!618;https://d26lpennugtm8s.cloudfront.net/stores/001/182/684/products/03-20540_6120331-5e2a116285ea91333116170416689689-1024-1024.jpg
920525!618;https://d26lpennugtm8s.cloudfront.net/stores/001/182/684/products/03-20540_6120431-8bb3dd818c30cd27af16170416691763-1024-1024.jpg
920525!718;https://d26lpennugtm8s.cloudfront.net/stores/001/182/684/products/03-20525_718011-a4309a522ec619dda216233532304707-1024-1024.jpg
920525!718;https://d26lpennugtm8s.cloudfront.net/stores/001/182/684/products/03-20525_718011-a4309a522ec619dda216384501769451-1024-1024.jpg
920525!718;https://d26lpennugtm8s.cloudfront.net/stores/001/182/684/products/03-20525_7181-11df575ea452a8e32816233532308362-1024-1024.jpg
920525!718;https://d26lpennugtm8s.cloudfront.net/stores/001/182/684/products/03-20525_7181-11df575ea452a8e32816384501770635-1024-1024.jpg
920525!720;https://d26lpennugtm8s.cloudfront.net/stores/001/182/684/products/03-20525_720011-d8abdb8118208bd20816233534192162-1024-1024.jpg
920525!720;https://d26lpennugtm8s.cloudfront.net/stores/001/182/684/products/03-20525_7201-5d1214bf0dcbaef4bc16233534194101-1024-1024.jpg
920530!624;https://d26lpennugtm8s.cloudfront.net/stores/001/182/684/products/03-20530_624011-78c7ba7e240f25e78116170416760299-1024-1024.jpg
920530!624;https://d26lpennugtm8s.cloudfront.net/stores/001/182/684/products/03-20530_624021-d0670bc4fa3451a9a316170416764002-1024-1024.jpg
920530!624;https://d26lpennugtm8s.cloudfront.net/stores/001/182/684/products/03-20530_6241-590934489b23f8530416170416761312-1024-1024.jpg
920530!624;https://d26lpennugtm8s.cloudfront.net/stores/001/182/684/products/03-20540_6120241-b3154ee07c1b0b1dca16170416769962-1024-1024.jpg
920530!624;https://d26lpennugtm8s.cloudfront.net/stores/001/182/684/products/03-20540_6120341-5e2a116285ea91333116170416769765-1024-1024.jpg
920530!624;https://d26lpennugtm8s.cloudfront.net/stores/001/182/684/products/03-20540_6120441-8bb3dd818c30cd27af16170416771136-1024-1024.jpg
920530!626;https://d26lpennugtm8s.cloudfront.net/stores/001/182/684/products/03-20530_626011-302ffb2f1c3e278ef316831383277304-1024-1024.jpg
920530!626;https://d26lpennugtm8s.cloudfront.net/stores/001/182/684/products/03-20530_626021-e2cf0e440739def1a416831383279135-1024-1024.jpg
920530!626;https://d26lpennugtm8s.cloudfront.net/stores/001/182/684/products/03-20530_626031-395050dd7cec26a2de16831383277747-1024-1024.jpg
920530!626;https://d26lpennugtm8s.cloudfront.net/stores/001/182/684/products/03-20530_626041-a64337c232318545b716831383276770-1024-1024.jpg
920530!626;https://d26lpennugtm8s.cloudfront.net/stores/001/182/684/products/03-20530_6261-4068ecd0155b353b1e16831383276761-1024-1024.jpg
920530!628;https://d26lpennugtm8s.cloudfront.net/stores/001/182/684/products/03-20530_624011-78c7ba7e240f25e78116203104990272-1024-1024.jpg
920530!628;https://d26lpennugtm8s.cloudfront.net/stores/001/182/684/products/03-20530_624021-d0670bc4fa3451a9a316203104992639-1024-1024.jpg
920530!628;https://d26lpennugtm8s.cloudfront.net/stores/001/182/684/products/03-20530_6281-38d7f9aa4d70d4de8716203104990012-1024-1024.jpg
920530!720;https://d26lpennugtm8s.cloudfront.net/stores/001/182/684/products/20530_720011-210dd3f3a70e4b91bb16497734631191-1024-1024.jpg
920530!720;https://d26lpennugtm8s.cloudfront.net/stores/001/182/684/products/20530_720021-9013b886e56083753a16497734633425-1024-1024.jpg
920530!720;https://d26lpennugtm8s.cloudfront.net/stores/001/182/684/products/20530_7201-51f380088b6ce098cc16497734631379-1024-1024.jpg
920530!722;https://d26lpennugtm8s.cloudfront.net/stores/001/182/684/products/03-20530_722031-e9b7f8dbbe44d0a1a216233531976283-1024-1024.jpg
920530!722;https://d26lpennugtm8s.cloudfront.net/stores/001/182/684/products/03-20530_7221-608ac187633d4b4e6f16233531977605-1024-1024.jpg
920530!726;https://d26lpennugtm8s.cloudfront.net/stores/001/182/684/products/03-20530_726011-61e8e05055edd1fc1d16233531759059-1024-1024.jpg
920530!726;https://d26lpennugtm8s.cloudfront.net/stores/001/182/684/products/03-20530_7261-6b3c0c49773b04dbf116233531762383-1024-1024.jpg
920540!610;https://d26lpennugtm8s.cloudfront.net/stores/001/182/684/products/20540_6101-9668f3a219a6d4523e16674954862405-1024-1024.jpg
920540!612;https://d26lpennugtm8s.cloudfront.net/stores/001/182/684/products/03-20540_612011-f8ad7e8424a078b9a916170417114333-1024-1024.jpg
920540!612;https://d26lpennugtm8s.cloudfront.net/stores/001/182/684/products/03-20540_6120251-b3154ee07c1b0b1dca16170417119015-1024-1024.jpg
920540!612;https://d26lpennugtm8s.cloudfront.net/stores/001/182/684/products/03-20540_6120351-5e2a116285ea91333116170417120929-1024-1024.jpg
920540!612;https://d26lpennugtm8s.cloudfront.net/stores/001/182/684/products/03-20540_6120451-8bb3dd818c30cd27af16170417123473-1024-1024.jpg
920540!612;https://d26lpennugtm8s.cloudfront.net/stores/001/182/684/products/03-20540_6121-f8e7e3c227e83ca34616170417113473-1024-1024.jpg
920540!614;https://d26lpennugtm8s.cloudfront.net/stores/001/182/684/products/03-20540_614011-e0f212b6e38e26636c16170417239843-1024-1024.jpg
920540!614;https://d26lpennugtm8s.cloudfront.net/stores/001/182/684/products/03-20540_614021-b3154ee07c1b0b1dca16170417242929-1024-1024.jpg
920540!614;https://d26lpennugtm8s.cloudfront.net/stores/001/182/684/products/03-20540_614031-5e2a116285ea91333116170417244190-1024-1024.jpg
920540!614;https://d26lpennugtm8s.cloudfront.net/stores/001/182/684/products/03-20540_614041-8bb3dd818c30cd27af16170417245694-1024-1024.jpg
920540!614;https://d26lpennugtm8s.cloudfront.net/stores/001/182/684/products/20540_6141-4fa5d886d7cd1fe6a316170417239812-1024-1024.jpg
920540!712;https://d26lpennugtm8s.cloudfront.net/stores/001/182/684/products/03-20540_7121-1b0f1f061e4505dfd016233530720590-1024-1024.jpg
920540!714;https://d26lpennugtm8s.cloudfront.net/stores/001/182/684/products/03-20540_7141-f4aa560d91b351c36216233530693523-1024-1024.jpg
920599!383;https://d26lpennugtm8s.cloudfront.net/stores/001/182/684/products/03-20150_7260211-89959f295889b4b1de16282744472421-1024-1024.jpg
920599!383;https://d26lpennugtm8s.cloudfront.net/stores/001/182/684/products/03-20599_383011-0a0e81e7a81e52172916282744473296-1024-1024.jpg
920599!383;https://d26lpennugtm8s.cloudfront.net/stores/001/182/684/products/03-20599_3831-777a69d5de3f54497316282744472398-1024-1024.jpg
920599!390;https://d26lpennugtm8s.cloudfront.net/stores/001/182/684/products/20599_390011-8eea294c565e19d2f716674954891898-1024-1024.jpg
920599!390;https://d26lpennugtm8s.cloudfront.net/stores/001/182/684/products/20599_3901-e87d706bc59297c30816674954890536-1024-1024.jpg
920599!660;https://d26lpennugtm8s.cloudfront.net/stores/001/182/684/products/03-20150_7260221-89959f295889b4b1de16282744908170-1024-1024.jpg
920599!660;https://d26lpennugtm8s.cloudfront.net/stores/001/182/684/products/03-20599_660011-0b4157010e01d879b116282744907510-1024-1024.jpg
920599!660;https://d26lpennugtm8s.cloudfront.net/stores/001/182/684/products/03-20599_6601-db72fd46ba3f0758ed16282744907521-1024-1024.jpg
920599!760;https://d26lpennugtm8s.cloudfront.net/stores/001/182/684/products/03-20150_7260231-89959f295889b4b1de16282745166869-1024-1024.jpg
920599!760;https://d26lpennugtm8s.cloudfront.net/stores/001/182/684/products/03-20599_760011-e161c5ed49e80a615016282745165640-1024-1024.jpg
920599!760;https://d26lpennugtm8s.cloudfront.net/stores/001/182/684/products/03-20599_7601-f446056e1fa307520416282745165099-1024-1024.jpg
920599!790;https://d26lpennugtm8s.cloudfront.net/stores/001/182/684/products/20599_790011-5bffb35d0d39294db816674954968231-1024-1024.jpg
920599!790;https://d26lpennugtm8s.cloudfront.net/stores/001/182/684/products/20599_7901-4515c4e98a1569671516674954967944-1024-1024.jpg
920599!790;https://d26lpennugtm8s.cloudfront.net/stores/001/182/684/products/20599-7901-2f6ba123c75ac4ffe516674954968495-1024-1024.jpg
920912!324;https://d26lpennugtm8s.cloudfront.net/stores/001/182/684/products/20912_324-11-1721328c1b4c6750c416293802666878-1024-1024.jpg
920912!324;https://d26lpennugtm8s.cloudfront.net/stores/001/182/684/products/20912_3241-75346353d4be5b9c7f16293802665192-1024-1024.jpg
920913!324;https://d26lpennugtm8s.cloudfront.net/stores/001/182/684/products/20913_324-11-b9afd93159487b8e7716293802551092-1024-1024.jpg
920913!324;https://d26lpennugtm8s.cloudfront.net/stores/001/182/684/products/20913_3241-544a3409577fa763f016293802547431-1024-1024.jpg
920913!326;https://d26lpennugtm8s.cloudfront.net/stores/001/182/684/products/20913_326-11-1dc1e5b4f46b40f28d16293802390726-1024-1024.jpg
920913!326;https://d26lpennugtm8s.cloudfront.net/stores/001/182/684/products/20913_3261-7317e23653cd4fb6de16293802388540-1024-1024.jpg
920960!024;https://d26lpennugtm8s.cloudfront.net/stores/001/182/684/products/20960_024-11-cade24f958210fbed416293802214503-1024-1024.jpg
920960!024;https://d26lpennugtm8s.cloudfront.net/stores/001/182/684/products/20960_0241-214757658a8d950b4116293802214645-1024-1024.jpg
920960!024;https://d26lpennugtm8s.cloudfront.net/stores/001/182/684/products/20960_030-211-56be0d10dcfd12082516293802215525-1024-1024.jpg
920960!024;https://d26lpennugtm8s.cloudfront.net/stores/001/182/684/products/20960_030-311-902821a31ca83daccc16293802216465-1024-1024.jpg
920960!030;https://d26lpennugtm8s.cloudfront.net/stores/001/182/684/products/20960_030-11-c40847de206ba26a2f16293802093806-1024-1024.jpg
920960!030;https://d26lpennugtm8s.cloudfront.net/stores/001/182/684/products/20960_0301-3674ec75d434b9742b16293802093596-1024-1024.jpg
920960!030;https://d26lpennugtm8s.cloudfront.net/stores/001/182/684/products/20960_030-21-56be0d10dcfd12082516293802094041-1024-1024.jpg
920960!030;https://d26lpennugtm8s.cloudfront.net/stores/001/182/684/products/20960_030-31-902821a31ca83daccc16293802096166-1024-1024.jpg
921100!375;https://d26lpennugtm8s.cloudfront.net/stores/001/182/684/products/03-21100_3751-d98c94c88edb1a9b6216421882196182-1024-1024.jpg
921102!370;https://d26lpennugtm8s.cloudfront.net/stores/001/182/684/products/03-21102_3701-9545b8f1d03b15d12c16216074415683-1024-1024.jpg
921103!370;https://d26lpennugtm8s.cloudfront.net/stores/001/182/684/products/03-21103_3701-9b9e61437fcfba295816152956044476-1024-1024.jpg
921107!370;https://d26lpennugtm8s.cloudfront.net/stores/001/182/684/products/03-21107_3701-4ac6f946c7e8d0b09a16152953495391-1024-1024.jpg
921116!175;https://d26lpennugtm8s.cloudfront.net/stores/001/182/684/products/03-21116_1751-783638a56d7a16de7d16152953362041-1024-1024.jpg
922213!005;https://d26lpennugtm8s.cloudfront.net/stores/001/182/684/products/03-22213_005011-33ff3764e4ebe1d52316497740176808-1024-1024.jpg
922213!005;https://d26lpennugtm8s.cloudfront.net/stores/001/182/684/products/03-22213_0051-c5ac9bf8537f5b6de716497740174650-1024-1024.jpg
922299!011;https://d26lpennugtm8s.cloudfront.net/stores/001/182/684/products/22299011-21-3452bdac8134fa975116057964255650-1024-1024.jpg
922299!011;https://d26lpennugtm8s.cloudfront.net/stores/001/182/684/products/9222990111-fba04cfd24cc9f04f716057963128380-1024-1024.jpg
922300!305;https://d26lpennugtm8s.cloudfront.net/stores/001/182/684/products/03-22300_30501-11-f4aeac65366412e22116152954136241-1024-1024.jpg
922300!305;https://d26lpennugtm8s.cloudfront.net/stores/001/182/684/products/03-22300_3051-9d1cdf1a603fc33b9016152954129688-1024-1024.jpg
922300!905;https://d26lpennugtm8s.cloudfront.net/stores/001/182/684/products/22300-905-11-63ed900167c8e3ec5816032900005809-1024-1024.jpg
922300!905;https://d26lpennugtm8s.cloudfront.net/stores/001/182/684/products/22300-9051-a8116069080bc0c0d816032900007409-1024-1024.jpg
922302!300;https://d26lpennugtm8s.cloudfront.net/stores/001/182/684/products/03-22302_300011-d77ef1f1f8a390ac7c16152954005190-1024-1024.jpg
922302!300;https://d26lpennugtm8s.cloudfront.net/stores/001/182/684/products/03-22302_3001-8fca1b9d9f0214124716152954005909-1024-1024.jpg
922302!900;https://d26lpennugtm8s.cloudfront.net/stores/001/182/684/products/22302-900-11-4cc9eca2bd944b2ce916032899879354-1024-1024.jpg
922302!900;https://d26lpennugtm8s.cloudfront.net/stores/001/182/684/products/22302-9001-b10cad0163555a09f216032899881409-1024-1024.jpg
922303!300;https://d26lpennugtm8s.cloudfront.net/stores/001/182/684/products/03-22303_30001-11-6a6637245f4c61e1da16152953900351-1024-1024.jpg
922303!300;https://d26lpennugtm8s.cloudfront.net/stores/001/182/684/products/03-22303_3001-c9d48127c424ae8c1516152953900771-1024-1024.jpg
922307!300;https://d26lpennugtm8s.cloudfront.net/stores/001/182/684/products/03-22307_30001-11-ce41d1cd79b5def0f616152953770004-1024-1024.jpg
922307!300;https://d26lpennugtm8s.cloudfront.net/stores/001/182/684/products/03-22307_3001-1f20a2abb1f07cfe7116152953770893-1024-1024.jpg
922307!900;https://d26lpennugtm8s.cloudfront.net/stores/001/182/684/products/22307-900-11-df331bb9d73f08d78716032899589216-1024-1024.jpg
922307!900;https://d26lpennugtm8s.cloudfront.net/stores/001/182/684/products/22307-900-21-ed420ad234befc6dd916032899588188-1024-1024.jpg
922307!900;https://d26lpennugtm8s.cloudfront.net/stores/001/182/684/products/22307-900-31-89be09dca75748fcc216032899588557-1024-1024.jpg
922317!108;https://d26lpennugtm8s.cloudfront.net/stores/001/182/684/products/03-22317_108011-5c54f59f6416e3159d16497740905940-1024-1024.jpg
922317!108;https://d26lpennugtm8s.cloudfront.net/stores/001/182/684/products/03-22317_108021-c20b719abf32acbc5d16497740906851-1024-1024.jpg
922317!108;https://d26lpennugtm8s.cloudfront.net/stores/001/182/684/products/03-22317_1081-47c20a4b97ed9e8fc016497740907152-1024-1024.jpg
922399!089;https://d26lpennugtm8s.cloudfront.net/stores/001/182/684/products/22399-0891-099036a6f702e51e0a16032897731888-1024-1024.jpg
922399!089;https://d26lpennugtm8s.cloudfront.net/stores/001/182/684/products/22399-089-11-23188567a490b385c916032897730908-1024-1024.jpg
922399!089;https://d26lpennugtm8s.cloudfront.net/stores/001/182/684/products/22399-089-21-a6eadfa74347cafbeb16032897732020-1024-1024.jpg
922399!089;https://d26lpennugtm8s.cloudfront.net/stores/001/182/684/products/22399-089-31-3b094e74d59d857fc516032897734243-1024-1024.jpg
922902!106;https://d26lpennugtm8s.cloudfront.net/stores/001/182/684/products/03-22902_106011-3f2adf52fa4356bbc116152954683141-1024-1024.jpg
922902!106;https://d26lpennugtm8s.cloudfront.net/stores/001/182/684/products/03-22902_1061-03b74b907f85d8668b16152954680054-1024-1024.jpg
922902!107;https://d26lpennugtm8s.cloudfront.net/stores/001/182/684/products/03-22902_107011-41f296598e66a3723616216072827472-1024-1024.jpg
922902!107;https://d26lpennugtm8s.cloudfront.net/stores/001/182/684/products/03-22902_1071-5bbbe48ce1fbd1efc716216072826280-1024-1024.jpg
922902!108;https://d26lpennugtm8s.cloudfront.net/stores/001/182/684/products/03-22902_108011-1831cd2cb062cf9e4c16216072658015-1024-1024.jpg
922902!108;https://d26lpennugtm8s.cloudfront.net/stores/001/182/684/products/03-22902_1081-cddfc991842c0781cb16216072656846-1024-1024.jpg
922921!106;https://d26lpennugtm8s.cloudfront.net/stores/001/182/684/products/03-22921_1061-757862dd96bca0c9a016152954594571-1024-1024.jpg
922921!107;https://d26lpennugtm8s.cloudfront.net/stores/001/182/684/products/03-22921_1071-325e347b1f2be242a116341484240408-1024-1024.jpg
922921!108;https://d26lpennugtm8s.cloudfront.net/stores/001/182/684/products/03-22921_1081-7decb45df886e8090516341484261847-1024-1024.jpg
923160!304;https://d26lpennugtm8s.cloudfront.net/stores/001/182/684/products/03-23160_3041-e6e5e7212cad37d80d16319743218043-1024-1024.jpg
923160!904;https://d26lpennugtm8s.cloudfront.net/stores/001/182/684/products/23160-9041-1794b9d1255a7b797a16032899248224-1024-1024.jpg
923160!904;https://d26lpennugtm8s.cloudfront.net/stores/001/182/684/products/23160-904-11-8d0c5336b59e920cc116032899248706-1024-1024.jpg
923160!904;https://d26lpennugtm8s.cloudfront.net/stores/001/182/684/products/23160-904-21-be81fb165e15804d7416032899250439-1024-1024.jpg
923162!300;https://d26lpennugtm8s.cloudfront.net/stores/001/182/684/products/03-23162_3001-19d7ab4bf3b3fe886316319743615806-1024-1024.jpg
923162!900;https://d26lpennugtm8s.cloudfront.net/stores/001/182/684/products/23162-900-11-fe06477a9d0da9fd1e16032899209846-1024-1024.jpg
923162!900;https://d26lpennugtm8s.cloudfront.net/stores/001/182/684/products/23162-9001-5491d4bbc0403d819d16032899209633-1024-1024.jpg
923162!900;https://d26lpennugtm8s.cloudfront.net/stores/001/182/684/products/23162-900-21-cc723878c174a866c216032899209009-1024-1024.jpg
923162!900;https://d26lpennugtm8s.cloudfront.net/stores/001/182/684/products/23162-900-31-c40f2a2b65d53dea4b16032899208375-1024-1024.jpg
923162!970;https://d26lpennugtm8s.cloudfront.net/stores/001/182/684/products/03-23162_9701-d9484ff8b5c1026cfa16216074063351-1024-1024.jpg
923163!300;https://d26lpennugtm8s.cloudfront.net/stores/001/182/684/products/03-23163_3001-47b8d754ba3183ade716319743604520-1024-1024.jpg
923163!900;https://d26lpennugtm8s.cloudfront.net/stores/001/182/684/products/23163-900-11-690c73953bde9de50c16032898852763-1024-1024.jpg
923163!900;https://d26lpennugtm8s.cloudfront.net/stores/001/182/684/products/23163-9001-5df5fa6821b5060b6216032898851350-1024-1024.jpg
923163!900;https://d26lpennugtm8s.cloudfront.net/stores/001/182/684/products/23163-900-31-2a5d8722a5a78ac4ed16032898852565-1024-1024.jpg
923167!300;https://d26lpennugtm8s.cloudfront.net/stores/001/182/684/products/03-23167_3001-371ebdf66e9f939ab916319743825030-1024-1024.jpg
923167!900;https://d26lpennugtm8s.cloudfront.net/stores/001/182/684/products/cuchara-te-new-color1-5763b3f1a531c7712816057963305787-1024-1024.jpg
923167!970;https://d26lpennugtm8s.cloudfront.net/stores/001/182/684/products/03-23167_9701-f600cc245709a7325916216074035656-1024-1024.jpg
923180!904;https://d26lpennugtm8s.cloudfront.net/stores/001/182/684/products/03-23180_904011-28e6daf3aa6729bf9216497736791019-1024-1024.jpg
923180!904;https://d26lpennugtm8s.cloudfront.net/stores/001/182/684/products/03-23180_9041-00e1b42cd0eadf3a3416497736790911-1024-1024.jpg
923182!900;https://d26lpennugtm8s.cloudfront.net/stores/001/182/684/products/03-23182_900011-f986fe81814ec828b816497739818079-1024-1024.jpg
923182!900;https://d26lpennugtm8s.cloudfront.net/stores/001/182/684/products/03-23182_9001-170931b0afb92f322e16497739816754-1024-1024.jpg
923183!300;https://d26lpennugtm8s.cloudfront.net/stores/001/182/684/products/03-23183_300011-27a0b579c4c329df6316216073830719-1024-1024.jpg
923183!300;https://d26lpennugtm8s.cloudfront.net/stores/001/182/684/products/03-23183_3001-ddaedd704f5cade87a16216073832543-1024-1024.jpg
923183!900;https://d26lpennugtm8s.cloudfront.net/stores/001/182/684/products/03-23183_900011-94f94f8b515ef8ed2316497740062356-1024-1024.jpg
923183!900;https://d26lpennugtm8s.cloudfront.net/stores/001/182/684/products/03-23183_9001-2d3d1a0c99ca7672d916497740062080-1024-1024.jpg
923198!050;https://d26lpennugtm8s.cloudfront.net/stores/001/182/684/products/23198-0501-021b0f7569a0e8abba16032898619836-1024-1024.jpg
923198!150;https://d26lpennugtm8s.cloudfront.net/stores/001/182/684/products/23198-1501-718a9185339a6db8f316032898227756-1024-1024.jpg
923198!331;https://d26lpennugtm8s.cloudfront.net/stores/001/182/684/products/03-23198_331011-8303af3c2f44ccf15b16497740278492-1024-1024.jpg
923198!331;https://d26lpennugtm8s.cloudfront.net/stores/001/182/684/products/03-23198_3311-88e494b5368333712916497740279894-1024-1024.jpg
923198!346;https://d26lpennugtm8s.cloudfront.net/stores/001/182/684/products/03-23198_346011-88c221d5388e9e8fa716497740584795-1024-1024.jpg
923198!346;https://d26lpennugtm8s.cloudfront.net/stores/001/182/684/products/03-23198_346021-3d304c1e698d41f49516497740584644-1024-1024.jpg
923198!346;https://d26lpennugtm8s.cloudfront.net/stores/001/182/684/products/03-23198_3461-298787f4a5bedf2a7216497740584511-1024-1024.jpg
923198!731;https://d26lpennugtm8s.cloudfront.net/stores/001/182/684/products/23198-7311-9f7bdf2a81872d5a9d16674954772433-1024-1024.jpg
923198!731;https://d26lpennugtm8s.cloudfront.net/stores/001/182/684/products/sin-titulo-131-27546f67d3c5a98f5c16674954777260-1024-1024.png
923198!931;https://d26lpennugtm8s.cloudfront.net/stores/001/182/684/products/03-23198_931011-f41d81a0029b539eb716497740461294-1024-1024.jpg
923198!931;https://d26lpennugtm8s.cloudfront.net/stores/001/182/684/products/03-23198_9311-135d9aa7f03650ebfa16497740460943-1024-1024.jpg
923199!062;https://d26lpennugtm8s.cloudfront.net/stores/001/182/684/products/03-23199_062011-5c30703a764889cbe116152953246218-1024-1024.jpg
923199!062;https://d26lpennugtm8s.cloudfront.net/stores/001/182/684/products/03-23199_0621-1a8a36cea6a06ded5916152953245982-1024-1024.jpg
923199!162;https://d26lpennugtm8s.cloudfront.net/stores/001/182/684/products/03-23199_162011-6818a6d0367daf7aeb16831382786586-1024-1024.jpg
923199!162;https://d26lpennugtm8s.cloudfront.net/stores/001/182/684/products/03-23199_1621-0dc50caf7545dbce8f16831382787003-1024-1024.jpg
923199!262;https://d26lpennugtm8s.cloudfront.net/stores/001/182/684/products/03-23199_262011-c0e33ca4717724042216282743847582-1024-1024.jpg
923199!262;https://d26lpennugtm8s.cloudfront.net/stores/001/182/684/products/03-23199_2621-f75a7d5b324dea01d416282743848283-1024-1024.jpg
923199!462;https://d26lpennugtm8s.cloudfront.net/stores/001/182/684/products/03-23199_462011-0272fd83f828f8702c16282744097035-1024-1024.jpg
923199!462;https://d26lpennugtm8s.cloudfront.net/stores/001/182/684/products/03-23199_4621-c4f091f42371d1b04716282744095497-1024-1024.jpg
923299!183;https://d26lpennugtm8s.cloudfront.net/stores/001/182/684/products/03-23299_1831-f752b6b2e0e663a7d116341483416599-1024-1024.jpg
923299!683;https://d26lpennugtm8s.cloudfront.net/stores/001/182/684/products/03-23299_6831-f39c6587ef61f27ddf16341483764954-1024-1024.jpg
923299!783;https://d26lpennugtm8s.cloudfront.net/stores/001/182/684/products/03-23299_7831-38d7fcb56b020a69c516341483995336-1024-1024.jpg
923360!905;https://d26lpennugtm8s.cloudfront.net/stores/001/182/684/products/ip11-44bf432bdf3ea7710c16077817919314-1024-1024.png
923360!905;https://d26lpennugtm8s.cloudfront.net/stores/001/182/684/products/ip21-1a82657162a490569716077817918887-1024-1024.png
923360!905;https://d26lpennugtm8s.cloudfront.net/stores/001/182/684/products/ip31-f2b5f13d459b09c63616077817919340-1024-1024.png
923362!900;https://d26lpennugtm8s.cloudfront.net/stores/001/182/684/products/tenedor-ipanema11-2e60d63b59a910015316057963531833-1024-1024.jpg
923362!900;https://d26lpennugtm8s.cloudfront.net/stores/001/182/684/products/tenedor-ipanema2-023ce9ccd933f89e6616057963531562-1024-1024.jpg
923363!900;https://d26lpennugtm8s.cloudfront.net/stores/001/182/684/products/cuchara-ipanema11-73300f6a57d5a8c5a416057963760635-1024-1024.jpg
923363!900;https://d26lpennugtm8s.cloudfront.net/stores/001/182/684/products/cuchara-ipanema2-92211f2811e1f9d33016057963759716-1024-1024.jpg
923498!030;https://d26lpennugtm8s.cloudfront.net/stores/001/182/684/products/23498_030011-ca6e188a933b1ea1c316674954809076-1024-1024.jpg
923498!030;https://d26lpennugtm8s.cloudfront.net/stores/001/182/684/products/23498_0301-ff4465cf2d96c1c88e16674954807742-1024-1024.jpg
923499!021;https://d26lpennugtm8s.cloudfront.net/stores/001/182/684/products/03-23499_021011-3b1738cf7d3ea1261616152953080523-1024-1024.jpg
923499!021;https://d26lpennugtm8s.cloudfront.net/stores/001/182/684/products/03-23499_021021-fe18614425d250903316152953080507-1024-1024.jpg
923499!021;https://d26lpennugtm8s.cloudfront.net/stores/001/182/684/products/03-23499_021031-0a7cdfd86b7a00848516152953083483-1024-1024.jpg
923499!022;https://d26lpennugtm8s.cloudfront.net/stores/001/182/684/products/03-23499_022011-0d7c2095239fb945a516152952919485-1024-1024.jpg
923499!022;https://d26lpennugtm8s.cloudfront.net/stores/001/182/684/products/03-23499_022021-9c7c7d4325bea10b2d16152952921109-1024-1024.jpg
923499!022;https://d26lpennugtm8s.cloudfront.net/stores/001/182/684/products/03-23499_022031-0521b95bfebe82a03e16152952926016-1024-1024.jpg
923499!023;https://d26lpennugtm8s.cloudfront.net/stores/001/182/684/products/03-23499_023011-0c180731adf84debf016497740696055-1024-1024.jpg
923499!023;https://d26lpennugtm8s.cloudfront.net/stores/001/182/684/products/03-23499_023031-206930a44cb03c4e7716497740695932-1024-1024.jpg
923499!023;https://d26lpennugtm8s.cloudfront.net/stores/001/182/684/products/03-23499_0231-d9fe9bebc80027632c16497740693441-1024-1024.jpg
923499!024;https://d26lpennugtm8s.cloudfront.net/stores/001/182/684/products/03-23499_0241-73d1ddd9ca1a2be7a216341482757365-1024-1024.jpg
923499!025;https://d26lpennugtm8s.cloudfront.net/stores/001/182/684/products/03-23499_025011-1745c777971d680b4e16152952883218-1024-1024.jpg
923499!025;https://d26lpennugtm8s.cloudfront.net/stores/001/182/684/products/03-23499_025021-364f81023dcb08d50416152952881577-1024-1024.jpg
923499!026;https://d26lpennugtm8s.cloudfront.net/stores/001/182/684/products/03-23499_026021-51ea8ed2948b2730a516497740823205-1024-1024.jpg
923499!026;https://d26lpennugtm8s.cloudfront.net/stores/001/182/684/products/03-23499_0261-9865e8cb4fbc82ae9216497740813384-1024-1024.jpg
923499!027;https://d26lpennugtm8s.cloudfront.net/stores/001/182/684/products/03-23499_0271-e1fc41f532fe376c9a16341483063281-1024-1024.jpg
923499!028;https://d26lpennugtm8s.cloudfront.net/stores/001/182/684/products/03-23499_028011-e1dd5cd314ff37e2c516216074819580-1024-1024.jpg
923499!028;https://d26lpennugtm8s.cloudfront.net/stores/001/182/684/products/03-23499_028021-87b064481088a19e2d16216074819658-1024-1024.jpg
923499!028;https://d26lpennugtm8s.cloudfront.net/stores/001/182/684/products/03-23499_028031-c8341a39b512d621f916216074820090-1024-1024.jpg
923499!028;https://d26lpennugtm8s.cloudfront.net/stores/001/182/684/products/03-23499_028041-492e8f1969ba54112716216074820985-1024-1024.jpg
923499!031;https://d26lpennugtm8s.cloudfront.net/stores/001/182/684/products/03-23499_031011-ca48421a8de4990ec016152955212870-1024-1024.jpg
923499!031;https://d26lpennugtm8s.cloudfront.net/stores/001/182/684/products/03-23499_031021-3e64ca265fa3dffe6d16152955214058-1024-1024.jpg
923499!031;https://d26lpennugtm8s.cloudfront.net/stores/001/182/684/products/03-23499_031031-a630dc7f9a760eb94c16152955216399-1024-1024.jpg
923499!032;https://d26lpennugtm8s.cloudfront.net/stores/001/182/684/products/03-23499_032011-a3c612852b676343da16216074662271-1024-1024.jpg
923499!032;https://d26lpennugtm8s.cloudfront.net/stores/001/182/684/products/03-23499_032021-fe998ab9fd0309040216216074661598-1024-1024.jpg
923499!032;https://d26lpennugtm8s.cloudfront.net/stores/001/182/684/products/03-23499_032031-e3a70e492b01d4bcda16216074665294-1024-1024.jpg
923799!191;https://d26lpennugtm8s.cloudfront.net/stores/001/182/684/products/03-23799_191011-98b5377ddb3bd23ca416152955005691-1024-1024.jpg
923799!191;https://d26lpennugtm8s.cloudfront.net/stores/001/182/684/products/03-23799_191021-a819ba53b64a93a93616152955008406-1024-1024.jpg
923799!191;https://d26lpennugtm8s.cloudfront.net/stores/001/182/684/products/03-23799_191031-0a18208f78eeb4b9d616152955007553-1024-1024.jpg
923799!191;https://d26lpennugtm8s.cloudfront.net/stores/001/182/684/products/03-23799_1911-d89b09506940b56a6216152955003688-1024-1024.jpg
926499!035;https://d26lpennugtm8s.cloudfront.net/stores/001/182/684/products/03-26499_035011-a2b0778aa96535a2f616237845411905-1024-1024.jpg
926499!035;https://d26lpennugtm8s.cloudfront.net/stores/001/182/684/products/03-26499_035021-088f0fe6b75ac8000816237845412084-1024-1024.jpg
926499!035;https://d26lpennugtm8s.cloudfront.net/stores/001/182/684/products/03-26499_0351-cecf674e046eda98db16237845411180-1024-1024.jpg
926499!036;https://d26lpennugtm8s.cloudfront.net/stores/001/182/684/products/03-26499_036011-706aab3a6d9b2c735516237845392891-1024-1024.jpg
926499!036;https://d26lpennugtm8s.cloudfront.net/stores/001/182/684/products/03-26499_036021-35ee2ea52bfaf88ac516237845394030-1024-1024.jpg
926499!036;https://d26lpennugtm8s.cloudfront.net/stores/001/182/684/products/03-26499_0361-4bee62ea1dbd5faeae16237845394023-1024-1024.jpg
927-3314!58!G;https://d26lpennugtm8s.cloudfront.net/stores/001/182/684/products/27-3314_58_g1-c45e4fc6335a2f0dba16497739688349-1024-1024.jpg
927806!001;https://d26lpennugtm8s.cloudfront.net/stores/001/182/684/products/03-27806_0013-b5f1f54da9044621ac16267900313092-1024-1024.jpg
927806!001;https://d26lpennugtm8s.cloudfront.net/stores/001/182/684/products/27806_0220211-d026dc4c7995fba38416267900313123-1024-1024.jpg
927806!002;https://d26lpennugtm8s.cloudfront.net/stores/001/182/684/products/03-27806_00111-b5f1f54da9044621ac16267900314135-1024-1024.jpg
927806!002;https://d26lpennugtm8s.cloudfront.net/stores/001/182/684/products/27806_0220221-d026dc4c7995fba38416267900315093-1024-1024.jpg
927806!003;https://d26lpennugtm8s.cloudfront.net/stores/001/182/684/products/03-27806_00121-b5f1f54da9044621ac16267900324335-1024-1024.jpg
927806!003;https://d26lpennugtm8s.cloudfront.net/stores/001/182/684/products/27806_0220231-d026dc4c7995fba38416267900325084-1024-1024.jpg
927806!004;https://d26lpennugtm8s.cloudfront.net/stores/001/182/684/products/27806_0041-dd091e4cf0767a3b7c16267900330663-1024-1024.jpg
927806!004;https://d26lpennugtm8s.cloudfront.net/stores/001/182/684/products/27806_0220241-d026dc4c7995fba38416267900334048-1024-1024.jpg
927806!022;https://d26lpennugtm8s.cloudfront.net/stores/001/182/684/products/27806_022021-d026dc4c7995fba38416267900259782-1024-1024.jpg
927806!022;https://d26lpennugtm8s.cloudfront.net/stores/001/182/684/products/27806_0221-d5d403b1436960d7d016267900258676-1024-1024.jpg
927899!398;https://d26lpennugtm8s.cloudfront.net/stores/001/182/684/products/03-27899_398011-02de1553f291e2456f16497736630457-1024-1024.jpg
927899!398;https://d26lpennugtm8s.cloudfront.net/stores/001/182/684/products/03-27899_3981-c3d401cd84174e214f16497736629104-1024-1024.jpg
927899!398;https://d26lpennugtm8s.cloudfront.net/stores/001/182/684/products/7891112284975-41-fc21ecd14c25f4e47616503739174105-1024-1024.jpg
928305!020;https://d26lpennugtm8s.cloudfront.net/stores/001/182/684/products/03-28305_020031-9d0988571120cf87b416319744259139-1024-1024.jpg
928305!020;https://d26lpennugtm8s.cloudfront.net/stores/001/182/684/products/03-28305_020041-3dcbe1054c77c87f8c16319744256906-1024-1024.jpg
928305!020;https://d26lpennugtm8s.cloudfront.net/stores/001/182/684/products/03-28305_0201-c558078de7e16ebe2716319744256875-1024-1024.jpg
928312!026;https://d26lpennugtm8s.cloudfront.net/stores/001/182/684/products/03-28305_0200411-3dcbe1054c77c87f8c16319744448708-1024-1024.jpg
928312!026;https://d26lpennugtm8s.cloudfront.net/stores/001/182/684/products/03-28312_026011-c756c1f7c52843c1a816319744448530-1024-1024.jpg
928312!026;https://d26lpennugtm8s.cloudfront.net/stores/001/182/684/products/03-28312_026041-89a2b414763198726916319744450836-1024-1024.jpg
928312!026;https://d26lpennugtm8s.cloudfront.net/stores/001/182/684/products/03-28312_0261-76e3abf425d1e251b616319744448796-1024-1024.jpg
928399!001;https://d26lpennugtm8s.cloudfront.net/stores/001/182/684/products/set-11-0a06a7ded600b3c8f316319745803752-1024-1024.jpg
928399!001;https://d26lpennugtm8s.cloudfront.net/stores/001/182/684/products/set-21-e4aa1efaab1154711016319745809771-1024-1024.jpg
928508!622;https://d26lpennugtm8s.cloudfront.net/stores/001/182/684/products/03-20150_622011-ac1b01feecba79851316675012722933-1024-1024.jpg
928508!622;https://d26lpennugtm8s.cloudfront.net/stores/001/182/684/products/03-20150_6221-6cebd47b1719bc7b2816675012722156-1024-1024.jpg
928508!624;https://d26lpennugtm8s.cloudfront.net/stores/001/182/684/products/03-20150_628012-b53fca8c16419bd6c016675012801759-1024-1024.jpg
928508!624;https://d26lpennugtm8s.cloudfront.net/stores/001/182/684/products/20150_6262-eed1c15c7174494e6c16675012812306-1024-1024.jpg
928508!626;https://d26lpennugtm8s.cloudfront.net/stores/001/182/684/products/03-20150_6280111-b53fca8c16419bd6c016675012811705-1024-1024.jpg
928508!626;https://d26lpennugtm8s.cloudfront.net/stores/001/182/684/products/20150_62611-eed1c15c7174494e6c16675012817378-1024-1024.jpg
928508!628;https://d26lpennugtm8s.cloudfront.net/stores/001/182/684/products/0640-1-11-a92e1e935aa8b4b5b816831383293876-1024-1024.jpg
928524!620;https://d26lpennugtm8s.cloudfront.net/stores/001/182/684/products/28524-6202-8d114b57bd673ee22916674954917244-1024-1024.jpg
928524!622;https://d26lpennugtm8s.cloudfront.net/stores/001/182/684/products/28524-62011-8d114b57bd673ee22916674954923036-1024-1024.jpg
928524!624;https://d26lpennugtm8s.cloudfront.net/stores/001/182/684/products/28524-6242-8d114b57bd673ee22916674954937413-1024-1024.jpg
928524!626;https://d26lpennugtm8s.cloudfront.net/stores/001/182/684/products/28524-62411-8d114b57bd673ee22916674954950845-1024-1024.jpg
928525!618;https://d26lpennugtm8s.cloudfront.net/stores/001/182/684/products/1333511-1d6864027d4f8af47d16831384200072-1024-1024.jpg
928525!620;https://d26lpennugtm8s.cloudfront.net/stores/001/182/684/products/133352-1d6864027d4f8af47d16831384192533-1024-1024.jpg
928531!612;https://d26lpennugtm8s.cloudfront.net/stores/001/182/684/products/03-20540_6102-9668f3a219a6d4523e16831384586663-1024-1024.jpg
928531!614;https://d26lpennugtm8s.cloudfront.net/stores/001/182/684/products/03-20540_61011-9668f3a219a6d4523e16831384590700-1024-1024.jpg
9377!24;https://d26lpennugtm8s.cloudfront.net/stores/001/182/684/products/1084281-2d5597dade7bf49eaf16304387383980-1024-1024.jpg
961483!063;https://d26lpennugtm8s.cloudfront.net/stores/001/182/684/products/61483_063011-dfc0b007aa7de5521116674954879035-1024-1024.jpg
961483!063;https://d26lpennugtm8s.cloudfront.net/stores/001/182/684/products/61483_063021-dbbf52a42cd22627b816674954880349-1024-1024.jpg
961483!063;https://d26lpennugtm8s.cloudfront.net/stores/001/182/684/products/61483_063031-672cc041bbda1d903316674954882063-1024-1024.jpg
961483!063;https://d26lpennugtm8s.cloudfront.net/stores/001/182/684/products/61483_0631-d730f9d2b38a4b200816674954878524-1024-1024.jpg
962376!200;https://d26lpennugtm8s.cloudfront.net/stores/001/182/684/products/62376-200-11-538b37bd62c24e7dfb16032896812892-1024-1024.jpg
962376!200;https://d26lpennugtm8s.cloudfront.net/stores/001/182/684/products/62376-2001-78fd31f3d1ec4ba52516032896812672-1024-1024.jpg
962376!200;https://d26lpennugtm8s.cloudfront.net/stores/001/182/684/products/62376-200-21-7559c217ee9e9b41ca16032896813509-1024-1024.jpg
962376!200;https://d26lpennugtm8s.cloudfront.net/stores/001/182/684/products/62376-200-31-c5848e5fd490bf4a4e16032896813534-1024-1024.jpg
962376!200;https://d26lpennugtm8s.cloudfront.net/stores/001/182/684/products/62376-200-41-f17b8172b40b9cc8bd16032896818464-1024-1024.jpg
962376!240;https://d26lpennugtm8s.cloudfront.net/stores/001/182/684/products/62376-240-11-f2bc27b9c41cb4ed7c16032896690564-1024-1024.jpg
962376!240;https://d26lpennugtm8s.cloudfront.net/stores/001/182/684/products/62376-2401-6c71a5a9117588daf416032896691956-1024-1024.jpg
962376!240;https://d26lpennugtm8s.cloudfront.net/stores/001/182/684/products/62376-240-31-edf7b1e32eff7c547e16032896693047-1024-1024.jpg
962376!240;https://d26lpennugtm8s.cloudfront.net/stores/001/182/684/products/62376-240-41-662b0edd56e3ccc04116032896694364-1024-1024.jpg
962376!240;https://d26lpennugtm8s.cloudfront.net/stores/001/182/684/products/62376-240-51-7f17f5a37d7fc32a1a16032896693200-1024-1024.jpg
962376!246;https://d26lpennugtm8s.cloudfront.net/stores/001/182/684/products/62376-247-11-39122ac66ad2fb013d16032896849410-1024-1024.jpg
962376!246;https://d26lpennugtm8s.cloudfront.net/stores/001/182/684/products/62376-2471-e059c7e9c2352a2ecb16032896849303-1024-1024.jpg
962655!248;https://d26lpennugtm8s.cloudfront.net/stores/001/182/684/products/62655-248-11-7fe158145b426925db16032897106507-1024-1024.jpg
962655!248;https://d26lpennugtm8s.cloudfront.net/stores/001/182/684/products/62655-2481-b813c5754e7d8fb69316032897106168-1024-1024.jpg
962655!248;https://d26lpennugtm8s.cloudfront.net/stores/001/182/684/products/62655-248-21-c1b7ba39ec84e0103816032897110019-1024-1024.jpg
962655!248;https://d26lpennugtm8s.cloudfront.net/stores/001/182/684/products/62655-248-31-71a043ee9f5571367516032897110383-1024-1024.jpg
962655!248;https://d26lpennugtm8s.cloudfront.net/stores/001/182/684/products/62655-248-41-2da94408d6b7ae8dec16032897111778-1024-1024.jpg
965400!300;https://d26lpennugtm8s.cloudfront.net/stores/001/182/684/products/65400300-111-88589a1dab31a12f9e16057963993827-1024-1024.jpg
965400!300;https://d26lpennugtm8s.cloudfront.net/stores/001/182/684/products/6540030011-d4f84f330ae580caed16057963992665-1024-1024.jpg
965400!300;https://d26lpennugtm8s.cloudfront.net/stores/001/182/684/products/65400300-211-b176fcdfef8de2dacd16057963996309-1024-1024.jpg
965400!300;https://d26lpennugtm8s.cloudfront.net/stores/001/182/684/products/65400300-311-e5aee6dd59f0ae588416057963998204-1024-1024.jpg
965660!694;https://d26lpennugtm8s.cloudfront.net/stores/001/182/684/products/62600694-21-f73fe53ff81129e9ef16057962928474-1024-1024.jpg
965660!694;https://d26lpennugtm8s.cloudfront.net/stores/001/182/684/products/65660694-11-b0775e4267e6e7b93916057962923051-1024-1024.png
965660!694;https://d26lpennugtm8s.cloudfront.net/stores/001/182/684/products/656606941-ea8a5a714cc1e0f30e16057962923243-1024-1024.jpg
965660!694;https://d26lpennugtm8s.cloudfront.net/stores/001/182/684/products/65660694-31-ac75f5e3afd39d7fec16057962929373-1024-1024.jpg
965660!694;https://d26lpennugtm8s.cloudfront.net/stores/001/182/684/products/65660694-41-72d4ccacb3471cbed216057962925421-1024-1024.jpg
965660!694;https://d26lpennugtm8s.cloudfront.net/stores/001/182/684/products/65660694-51-0d81d5eb2c161d4ced16057962926629-1024-1024.jpg
965660!694;https://d26lpennugtm8s.cloudfront.net/stores/001/182/684/products/65660694-61-532211a6447a5ed3f516057962926102-1024-1024.jpg
966815!710;https://d26lpennugtm8s.cloudfront.net/stores/001/182/684/products/66815-710-11-e1e6840bef9bbf3f7e16032897840199-1024-1024.jpg
966815!710;https://d26lpennugtm8s.cloudfront.net/stores/001/182/684/products/66815-7101-d7e2070abd48f448f816032897838843-1024-1024.jpg
966815!710;https://d26lpennugtm8s.cloudfront.net/stores/001/182/684/products/66815-710-21-a66bda283d06d9973716032897842390-1024-1024.jpg
966815!710;https://d26lpennugtm8s.cloudfront.net/stores/001/182/684/products/66815-710-41-29f61d212d62947f9116032897840471-1024-1024.jpg
966945!003;https://d26lpennugtm8s.cloudfront.net/stores/001/182/684/products/66945-0031-110e80bc85867f722d16032898495343-1024-1024.jpg
966945!003;https://d26lpennugtm8s.cloudfront.net/stores/001/182/684/products/66945-003-11-eb5a1468a227978ef316032898494729-1024-1024.jpg
966945!003;https://d26lpennugtm8s.cloudfront.net/stores/001/182/684/products/66945-003-21-53791ee6aa455aa25116032898495925-1024-1024.jpg
966945!003;https://d26lpennugtm8s.cloudfront.net/stores/001/182/684/products/66945-003-31-0a35e1c6811f139c8316032898496984-1024-1024.jpg
966945!840;https://d26lpennugtm8s.cloudfront.net/stores/001/182/684/products/66945_840011-0cdf8082c39635450f16674954829335-1024-1024.jpg
966945!840;https://d26lpennugtm8s.cloudfront.net/stores/001/182/684/products/66945_8401-48f22b728b798b260616674954828071-1024-1024.jpg
966960!004;https://d26lpennugtm8s.cloudfront.net/stores/001/182/684/products/66960-004-11-b5faf0745f64bbb8c916032898212594-1024-1024.jpg
966960!004;https://d26lpennugtm8s.cloudfront.net/stores/001/182/684/products/66960-0041-b35d1af713916104ee16032898213482-1024-1024.jpg
966960!004;https://d26lpennugtm8s.cloudfront.net/stores/001/182/684/products/66960-004-21-5c773b1339d94a799516032898212460-1024-1024.jpg
966960!004;https://d26lpennugtm8s.cloudfront.net/stores/001/182/684/products/66960-004-31-f7d68313875c07de0c16032898213106-1024-1024.jpg
966960!004;https://d26lpennugtm8s.cloudfront.net/stores/001/182/684/products/66960-004-41-ff7a37431b8287c08316032898213187-1024-1024.jpg
966970!020;https://d26lpennugtm8s.cloudfront.net/stores/001/182/684/products/10-66970_020011-05177b6526f17070ae16152955071808-1024-1024.jpg
966970!020;https://d26lpennugtm8s.cloudfront.net/stores/001/182/684/products/10-66970_020021-87c61c43f25bdc927316152955073065-1024-1024.jpg
966970!020;https://d26lpennugtm8s.cloudfront.net/stores/001/182/684/products/10-66970_020031-3343de2ba97b2a467f16152955074213-1024-1024.jpg
966970!020;https://d26lpennugtm8s.cloudfront.net/stores/001/182/684/products/10-66970_0201-7ae81e4fbbbce7255916152955071196-1024-1024.jpg
9GB-1-6215!A;https://d26lpennugtm8s.cloudfront.net/stores/001/182/684/products/1099521-5afe18c87ee48d44e816190094953996-1024-1024.jpg
9GB-1-6215!C;https://d26lpennugtm8s.cloudfront.net/stores/001/182/684/products/1099601-6b9b7d2765dc2a739616190094922468-1024-1024.jpg
9YJ13-1116!B;https://d26lpennugtm8s.cloudfront.net/stores/001/182/684/products/914891-c9c3630b151684bb0516304373859777-1024-1024.jpg
9YJ13-1116!P;https://d26lpennugtm8s.cloudfront.net/stores/001/182/684/products/916681-4e258c6eca973dab3f16304373456203-1024-1024.jpg
9YJ15-300!B;https://d26lpennugtm8s.cloudfront.net/stores/001/182/684/products/914901-86d420b8e2008a1e7716304374065320-1024-1024.jpg
9YJ15-300!P;https://d26lpennugtm8s.cloudfront.net/stores/001/182/684/products/916691-3fcfd599ae877dc9d016304373089172-1024-1024.jpg
